{
    "$schema": "https://schema.management.azure.com/schemas/2015-01-01/deploymentParameters.json#",
    "contentVersion": "1.0.0.0",
    "parameters": {
        "extensions_IaaSDiagnostics_xmlCfg": {
            "value": null
        },
        "extensions_IaaSDiagnostics_storageAccountName": {
            "value": null
        },
        "extensions_IaaSDiagnostics_storageAccountKey": {
            "value": null
        },
        "extensions_IaaSDiagnostics_storageAccountEndPoint": {
            "value": null
        },
        "virtualMachines_SFAPPDCX001_name": {
            "value": null
        },
        "availabilitySets_ASFAPPDCX_ASET_externalid": {
            "value": null
        },
        "disks_SFAPPDCX001_OsDisk_1_161b423328e74d4492ef6f3356ca11ec_externalid": {
            "value": null
        },
        "disks_SFAPPDCX001_DataDisk1_externalid": {
            "value": null
        },
        "disks_SFAPPDCX001_DataDisk2_externalid": {
            "value": null
        },
        "networkInterfaces_sfappdcx001291_externalid": {
            "value": null
        }
    }
}