{
    "$schema": "https://schema.management.azure.com/schemas/2015-01-01/deploymentParameters.json#",
    "contentVersion": "1.0.0.0",
    "parameters": {
        "extensions_IaaSDiagnostics_xmlCfg": {
            "value": null
        },
        "extensions_IaaSDiagnostics_storageAccountName": {
            "value": null
        },
        "extensions_IaaSDiagnostics_storageAccountKey": {
            "value": null
        },
        "extensions_IaaSDiagnostics_storageAccountEndPoint": {
            "value": null
        },
        "virtualMachines_SFAPPWEB001_name": {
            "value": null
        },
        "disks_SFAPPWEB001_OsDisk_1_ad26e85cce70440598add9d9abaa6be7_externalid": {
            "value": null
        },
        "disks_SFAPPWEB001_DataDisk1_externalid": {
            "value": null
        },
        "disks_SFAPPWEB001_DataDisk2_externalid": {
            "value": null
        },
        "networkInterfaces_sfappweb001156_externalid": {
            "value": null
        }
    }
}