{
    "$schema": "https://schema.management.azure.com/schemas/2019-04-01/deploymentTemplate.json#",
    "contentVersion": "1.0.0.0",
    "parameters": {
        "extensions_IaaSDiagnostics_xmlCfg": {
            "type": "SecureString"
        },
        "extensions_IaaSDiagnostics_storageAccountName": {
            "type": "SecureString"
        },
        "extensions_IaaSDiagnostics_storageAccountKey": {
            "type": "SecureString"
        },
        "extensions_IaaSDiagnostics_storageAccountEndPoint": {
            "type": "SecureString"
        },
        "virtualMachines_SFAPPWEB001_name": {
            "defaultValue": "SFAPPWEB001",
            "type": "String"
        },
        "disks_SFAPPWEB001_OsDisk_1_ad26e85cce70440598add9d9abaa6be7_externalid": {
            "defaultValue": "/subscriptions/cfe66d2a-acc8-4c3f-bdfe-b02aee21e309/resourceGroups/FLUOR-SEA-PROD-RG02-S/providers/Microsoft.Compute/disks/SFAPPWEB001_OsDisk_1_ad26e85cce70440598add9d9abaa6be7",
            "type": "String"
        },
        "disks_SFAPPWEB001_DataDisk1_externalid": {
            "defaultValue": "/subscriptions/cfe66d2a-acc8-4c3f-bdfe-b02aee21e309/resourceGroups/FLUOR-SEA-PROD-RG02-S/providers/Microsoft.Compute/disks/SFAPPWEB001_DataDisk1",
            "type": "String"
        },
        "disks_SFAPPWEB001_DataDisk2_externalid": {
            "defaultValue": "/subscriptions/cfe66d2a-acc8-4c3f-bdfe-b02aee21e309/resourceGroups/FLUOR-SEA-PROD-RG02-S/providers/Microsoft.Compute/disks/SFAPPWEB001_DataDisk2",
            "type": "String"
        },
        "networkInterfaces_sfappweb001156_externalid": {
            "defaultValue": "/subscriptions/cfe66d2a-acc8-4c3f-bdfe-b02aee21e309/resourceGroups/FLUOR-SEA-PROD-RG02-S/providers/Microsoft.Network/networkInterfaces/sfappweb001156",
            "type": "String"
        }
    },
    "variables": {},
    "resources": [
        {
            "type": "Microsoft.Compute/virtualMachines",
            "apiVersion": "2021-03-01",
            "name": "[parameters('virtualMachines_SFAPPWEB001_name')]",
            "location": "southeastasia",
            "tags": {
                "os": "W2016d",
                "sap project code": "S5FL",
                "Application": "SPO Web Server",
                "WSUS": "Prod"
            },
            "properties": {
                "hardwareProfile": {
                    "vmSize": "Standard_F8s_v2"
                },
                "storageProfile": {
                    "imageReference": {
                        "publisher": "MicrosoftWindowsServer",
                        "offer": "WindowsServer",
                        "sku": "2016-Datacenter",
                        "version": "latest"
                    },
                    "osDisk": {
                        "osType": "Windows",
                        "name": "[concat(parameters('virtualMachines_SFAPPWEB001_name'), '_OsDisk_1_ad26e85cce70440598add9d9abaa6be7')]",
                        "createOption": "FromImage",
                        "caching": "ReadWrite",
                        "managedDisk": {
                            "storageAccountType": "Premium_LRS",
                            "id": "[parameters('disks_SFAPPWEB001_OsDisk_1_ad26e85cce70440598add9d9abaa6be7_externalid')]"
                        },
                        "diskSizeGB": 127
                    },
                    "dataDisks": [
                        {
                            "lun": 0,
                            "name": "[concat(parameters('virtualMachines_SFAPPWEB001_name'), '_DataDisk1')]",
                            "createOption": "Attach",
                            "caching": "ReadWrite",
                            "managedDisk": {
                                "storageAccountType": "Premium_LRS",
                                "id": "[parameters('disks_SFAPPWEB001_DataDisk1_externalid')]"
                            },
                            "diskSizeGB": 50,
                            "toBeDetached": false
                        },
                        {
                            "lun": 1,
                            "name": "[concat(parameters('virtualMachines_SFAPPWEB001_name'), '_DataDisk2')]",
                            "createOption": "Attach",
                            "caching": "ReadWrite",
                            "managedDisk": {
                                "storageAccountType": "Premium_LRS",
                                "id": "[parameters('disks_SFAPPWEB001_DataDisk2_externalid')]"
                            },
                            "diskSizeGB": 50,
                            "toBeDetached": false
                        }
                    ]
                },
                "osProfile": {
                    "computerName": "[parameters('virtualMachines_SFAPPWEB001_name')]",
                    "adminUsername": "fluoradmin",
                    "windowsConfiguration": {
                        "provisionVMAgent": true,
                        "enableAutomaticUpdates": true,
                        "patchSettings": {
                            "patchMode": "AutomaticByOS",
                            "assessmentMode": "ImageDefault"
                        }
                    },
                    "secrets": []
                },
                "networkProfile": {
                    "networkInterfaces": [
                        {
                            "id": "[parameters('networkInterfaces_sfappweb001156_externalid')]"
                        }
                    ]
                },
                "diagnosticsProfile": {
                    "bootDiagnostics": {
                        "enabled": true,
                        "storageUri": "https://fluorseaprodrg01diag683.blob.core.windows.net/"
                    }
                }
            }
        },
        {
            "type": "Microsoft.Compute/virtualMachines/extensions",
            "apiVersion": "2021-03-01",
            "name": "[concat(parameters('virtualMachines_SFAPPWEB001_name'), '/IaaSDiagnostics')]",
            "location": "southeastasia",
            "dependsOn": [
                "[resourceId('Microsoft.Compute/virtualMachines', parameters('virtualMachines_SFAPPWEB001_name'))]"
            ],
            "properties": {
                "autoUpgradeMinorVersion": true,
                "publisher": "Microsoft.Azure.Diagnostics",
                "type": "IaaSDiagnostics",
                "typeHandlerVersion": "1.5",
                "settings": {
                    "StorageAccount": "fluorseaprodrg01diag683",
                    "xmlCfg": "[parameters('extensions_IaaSDiagnostics_xmlCfg')]"
                },
                "protectedSettings": {
                    "storageAccountName": "[parameters('extensions_IaaSDiagnostics_storageAccountName')]",
                    "storageAccountKey": "[parameters('extensions_IaaSDiagnostics_storageAccountKey')]",
                    "storageAccountEndPoint": "[parameters('extensions_IaaSDiagnostics_storageAccountEndPoint')]"
                }
            }
        }
    ]
}