{
    "$schema": "https://schema.management.azure.com/schemas/2015-01-01/deploymentParameters.json#",
    "contentVersion": "1.0.0.0",
    "parameters": {
        "extensions_IaaSDiagnostics_xmlCfg": {
            "value": null
        },
        "extensions_IaaSDiagnostics_storageAccountName": {
            "value": null
        },
        "extensions_IaaSDiagnostics_storageAccountKey": {
            "value": null
        },
        "extensions_IaaSDiagnostics_storageAccountEndPoint": {
            "value": null
        },
        "virtualMachines_SFAPPAPP002_name": {
            "value": null
        },
        "disks_sfappapp02_OSdisk_restored_04302020_externalid": {
            "value": null
        },
        "disks_SFAPPAPP002_DataDisk1_externalid": {
            "value": null
        },
        "disks_SFAPPAPP002_DataDisk2_externalid": {
            "value": null
        },
        "networkInterfaces_sfappapp002907_externalid": {
            "value": null
        }
    }
}