{
    "$schema": "https://schema.management.azure.com/schemas/2019-04-01/deploymentTemplate.json#",
    "contentVersion": "1.0.0.0",
    "parameters": {
        "disks_SFAPPDBA001_DataDisk1_name": {
            "defaultValue": "SFAPPDBA001_DataDisk1",
            "type": "String"
        }
    },
    "variables": {},
    "resources": [
        {
            "type": "Microsoft.Compute/disks",
            "apiVersion": "2020-09-30",
            "name": "[parameters('disks_SFAPPDBA001_DataDisk1_name')]",
            "location": "southeastasia",
            "tags": {
                "SAP Project Code": "S5FL"
            },
            "sku": {
                "name": "Premium_LRS",
                "tier": "Premium"
            },
            "properties": {
                "creationData": {
                    "createOption": "Empty"
                },
                "diskSizeGB": 300,
                "diskIOPSReadWrite": 2300,
                "diskMBpsReadWrite": 150,
                "encryption": {
                    "type": "EncryptionAtRestWithPlatformKey"
                },
                "diskState": "Attached",
                "networkAccessPolicy": "AllowAll"
            }
        }
    ]
}