{
    "$schema": "https://schema.management.azure.com/schemas/2015-01-01/deploymentParameters.json#",
    "contentVersion": "1.0.0.0",
    "parameters": {
        "extensions_IaaSDiagnostics_xmlCfg": {
            "value": null
        },
        "extensions_IaaSDiagnostics_storageAccountName": {
            "value": null
        },
        "extensions_IaaSDiagnostics_storageAccountKey": {
            "value": null
        },
        "extensions_IaaSDiagnostics_storageAccountEndPoint": {
            "value": null
        },
        "virtualMachines_SFAPPAPP003_name": {
            "value": null
        },
        "disks_SFAPPAPP003_OsDisk_1_47318f2bf56644378f7c2b2250feeaa4_externalid": {
            "value": null
        },
        "disks_SFAPPAPP003_DataDisk1_externalid": {
            "value": null
        },
        "disks_SFAPPAPP003_DataDisk2_externalid": {
            "value": null
        },
        "networkInterfaces_sfappapp003563_externalid": {
            "value": null
        }
    }
}