{
    "$schema": "https://schema.management.azure.com/schemas/2015-01-01/deploymentParameters.json#",
    "contentVersion": "1.0.0.0",
    "parameters": {
        "extensions_Microsoft_Insights_VMDiagnosticsSettings_xmlCfg": {
            "value": null
        },
        "extensions_Microsoft_Insights_VMDiagnosticsSettings_storageAccountName": {
            "value": null
        },
        "extensions_Microsoft_Insights_VMDiagnosticsSettings_storageAccountKey": {
            "value": null
        },
        "extensions_Microsoft_Insights_VMDiagnosticsSettings_storageAccountEndPoint": {
            "value": null
        },
        "virtualMachines_SFAPPAPP005_name": {
            "value": null
        },
        "disks_SFAPPAPP005_OsDisk_1_0299cf84bbe04bb196d56a9e93f7207e_externalid": {
            "value": null
        },
        "disks_SFAPPAPP005_DataDisk1_externalid": {
            "value": null
        },
        "networkInterfaces_sfappapp005167_externalid": {
            "value": null
        }
    }
}