{
    "$schema": "https://schema.management.azure.com/schemas/2019-04-01/deploymentTemplate.json#",
    "contentVersion": "1.0.0.0",
    "parameters": {
        "extensions_Microsoft_Insights_VMDiagnosticsSettings_xmlCfg": {
            "type": "SecureString"
        },
        "extensions_Microsoft_Insights_VMDiagnosticsSettings_storageAccountName": {
            "type": "SecureString"
        },
        "extensions_Microsoft_Insights_VMDiagnosticsSettings_storageAccountKey": {
            "type": "SecureString"
        },
        "extensions_Microsoft_Insights_VMDiagnosticsSettings_storageAccountEndPoint": {
            "type": "SecureString"
        },
        "virtualMachines_SFAPPAPP005_name": {
            "defaultValue": "SFAPPAPP005",
            "type": "String"
        },
        "disks_SFAPPAPP005_OsDisk_1_0299cf84bbe04bb196d56a9e93f7207e_externalid": {
            "defaultValue": "/subscriptions/cfe66d2a-acc8-4c3f-bdfe-b02aee21e309/resourceGroups/FLUOR-SEA-PROD-RG02-S/providers/Microsoft.Compute/disks/SFAPPAPP005_OsDisk_1_0299cf84bbe04bb196d56a9e93f7207e",
            "type": "String"
        },
        "disks_SFAPPAPP005_DataDisk1_externalid": {
            "defaultValue": "/subscriptions/cfe66d2a-acc8-4c3f-bdfe-b02aee21e309/resourceGroups/FLUOR-SEA-PROD-RG02-S/providers/Microsoft.Compute/disks/SFAPPAPP005_DataDisk1",
            "type": "String"
        },
        "networkInterfaces_sfappapp005167_externalid": {
            "defaultValue": "/subscriptions/cfe66d2a-acc8-4c3f-bdfe-b02aee21e309/resourceGroups/FLUOR-SEA-PROD-RG02-S/providers/Microsoft.Network/networkInterfaces/sfappapp005167",
            "type": "String"
        }
    },
    "variables": {},
    "resources": [
        {
            "type": "Microsoft.Compute/virtualMachines",
            "apiVersion": "2021-03-01",
            "name": "[parameters('virtualMachines_SFAPPAPP005_name')]",
            "location": "southeastasia",
            "tags": {
                "Creator": "Jason & Armando",
                "Application": "SPO App",
                "os": "W2016d",
                "SAP Project Code": "S5FL",
                "Site_Code": "123456_SouthFlank",
                "WSUS": "Test",
                "RunningState": "Off"
            },
            "zones": [
                "1"
            ],
            "properties": {
                "hardwareProfile": {
                    "vmSize": "Standard_D16s_v3"
                },
                "storageProfile": {
                    "imageReference": {
                        "publisher": "MicrosoftWindowsServer",
                        "offer": "WindowsServer",
                        "sku": "2016-Datacenter",
                        "version": "latest"
                    },
                    "osDisk": {
                        "osType": "Windows",
                        "name": "[concat(parameters('virtualMachines_SFAPPAPP005_name'), '_OsDisk_1_0299cf84bbe04bb196d56a9e93f7207e')]",
                        "createOption": "FromImage",
                        "caching": "ReadWrite",
                        "managedDisk": {
                            "id": "[parameters('disks_SFAPPAPP005_OsDisk_1_0299cf84bbe04bb196d56a9e93f7207e_externalid')]"
                        }
                    },
                    "dataDisks": [
                        {
                            "lun": 0,
                            "name": "[concat(parameters('virtualMachines_SFAPPAPP005_name'), '_DataDisk1')]",
                            "createOption": "Attach",
                            "caching": "ReadWrite",
                            "managedDisk": {
                                "id": "[parameters('disks_SFAPPAPP005_DataDisk1_externalid')]"
                            },
                            "toBeDetached": false
                        }
                    ]
                },
                "osProfile": {
                    "computerName": "[parameters('virtualMachines_SFAPPAPP005_name')]",
                    "adminUsername": "fluoradmin",
                    "windowsConfiguration": {
                        "provisionVMAgent": true,
                        "enableAutomaticUpdates": true,
                        "patchSettings": {
                            "patchMode": "AutomaticByOS",
                            "assessmentMode": "ImageDefault"
                        }
                    },
                    "secrets": [],
                    "allowExtensionOperations": true
                },
                "networkProfile": {
                    "networkInterfaces": [
                        {
                            "id": "[parameters('networkInterfaces_sfappapp005167_externalid')]"
                        }
                    ]
                },
                "diagnosticsProfile": {
                    "bootDiagnostics": {
                        "enabled": true,
                        "storageUri": "https://fluorseaprodrg02.blob.core.windows.net/"
                    }
                }
            }
        },
        {
            "type": "Microsoft.Compute/virtualMachines/extensions",
            "apiVersion": "2021-03-01",
            "name": "[concat(parameters('virtualMachines_SFAPPAPP005_name'), '/AzureNetworkWatcherExtension')]",
            "location": "southeastasia",
            "dependsOn": [
                "[resourceId('Microsoft.Compute/virtualMachines', parameters('virtualMachines_SFAPPAPP005_name'))]"
            ],
            "properties": {
                "autoUpgradeMinorVersion": true,
                "publisher": "Microsoft.Azure.NetworkWatcher",
                "type": "NetworkWatcherAgentWindows",
                "typeHandlerVersion": "1.4"
            }
        },
        {
            "type": "Microsoft.Compute/virtualMachines/extensions",
            "apiVersion": "2021-03-01",
            "name": "[concat(parameters('virtualMachines_SFAPPAPP005_name'), '/Microsoft.Insights.VMDiagnosticsSettings')]",
            "location": "southeastasia",
            "dependsOn": [
                "[resourceId('Microsoft.Compute/virtualMachines', parameters('virtualMachines_SFAPPAPP005_name'))]"
            ],
            "properties": {
                "autoUpgradeMinorVersion": true,
                "publisher": "Microsoft.Azure.Diagnostics",
                "type": "IaaSDiagnostics",
                "typeHandlerVersion": "1.5",
                "settings": {
                    "StorageAccount": "fluorseaprodrg02",
                    "xmlCfg": "[parameters('extensions_Microsoft_Insights_VMDiagnosticsSettings_xmlCfg')]"
                },
                "protectedSettings": {
                    "storageAccountName": "[parameters('extensions_Microsoft_Insights_VMDiagnosticsSettings_storageAccountName')]",
                    "storageAccountKey": "[parameters('extensions_Microsoft_Insights_VMDiagnosticsSettings_storageAccountKey')]",
                    "storageAccountEndPoint": "[parameters('extensions_Microsoft_Insights_VMDiagnosticsSettings_storageAccountEndPoint')]"
                }
            }
        }
    ]
}