{
    "$schema": "https://schema.management.azure.com/schemas/2015-01-01/deploymentParameters.json#",
    "contentVersion": "1.0.0.0",
    "parameters": {
        "extensions_IaaSDiagnostics_xmlCfg": {
            "value": null
        },
        "extensions_IaaSDiagnostics_storageAccountName": {
            "value": null
        },
        "extensions_IaaSDiagnostics_storageAccountKey": {
            "value": null
        },
        "extensions_IaaSDiagnostics_storageAccountEndPoint": {
            "value": null
        },
        "virtualMachines_SFAPPCTX001_name": {
            "value": null
        },
        "availabilitySets_ASFAPPCTX_ASET_externalid": {
            "value": null
        },
        "disks_SFAPPCTX001_OsDisk_1_6da11d71e9f240ef9238b59c02c52aa5_externalid": {
            "value": null
        },
        "networkInterfaces_sfappctx001925_externalid": {
            "value": null
        }
    }
}