{
    "$schema": "https://schema.management.azure.com/schemas/2015-01-01/deploymentParameters.json#",
    "contentVersion": "1.0.0.0",
    "parameters": {
        "extensions_IaaSDiagnostics_xmlCfg": {
            "value": null
        },
        "extensions_IaaSDiagnostics_storageAccountName": {
            "value": null
        },
        "extensions_IaaSDiagnostics_storageAccountKey": {
            "value": null
        },
        "extensions_IaaSDiagnostics_storageAccountEndPoint": {
            "value": null
        },
        "virtualMachines_SFAPPLIC002_name": {
            "value": null
        },
        "disks_SFAPPLIC002_OsDisk_1_aed88b6035124e2fbd47012feb6f260b_externalid": {
            "value": null
        },
        "disks_SFAPPLIC002_DataDisk1_externalid": {
            "value": null
        },
        "disks_SFAPPLIC002_DataDisk2_externalid": {
            "value": null
        },
        "networkInterfaces_sfapplic002241_externalid": {
            "value": null
        }
    }
}