{
    "$schema": "https://schema.management.azure.com/schemas/2015-01-01/deploymentParameters.json#",
    "contentVersion": "1.0.0.0",
    "parameters": {
        "extensions_IaaSDiagnostics_xmlCfg": {
            "value": null
        },
        "extensions_IaaSDiagnostics_storageAccountName": {
            "value": null
        },
        "extensions_IaaSDiagnostics_storageAccountKey": {
            "value": null
        },
        "extensions_IaaSDiagnostics_storageAccountEndPoint": {
            "value": null
        },
        "virtualMachines_SFAPPMGT001_name": {
            "value": null
        },
        "disks_SFAPPMGT001_OsDisk_1_346d10a4bd04469aa5d50a684e2d842d_externalid": {
            "value": null
        },
        "disks_SFAPPMGT001_DataDisk2_externalid": {
            "value": null
        },
        "disks_SFAPPMGT001_DataDisk3_externalid": {
            "value": null
        },
        "networkInterfaces_sfappmgt001130_externalid": {
            "value": null
        }
    }
}