{
    "$schema": "https://schema.management.azure.com/schemas/2019-04-01/deploymentTemplate.json#",
    "contentVersion": "1.0.0.0",
    "parameters": {
        "extensions_IaaSDiagnostics_xmlCfg": {
            "type": "SecureString"
        },
        "extensions_IaaSDiagnostics_storageAccountName": {
            "type": "SecureString"
        },
        "extensions_IaaSDiagnostics_storageAccountKey": {
            "type": "SecureString"
        },
        "extensions_IaaSDiagnostics_storageAccountEndPoint": {
            "type": "SecureString"
        },
        "virtualMachines_SFAPPMGT001_name": {
            "defaultValue": "SFAPPMGT001",
            "type": "String"
        },
        "disks_SFAPPMGT001_OsDisk_1_346d10a4bd04469aa5d50a684e2d842d_externalid": {
            "defaultValue": "/subscriptions/cfe66d2a-acc8-4c3f-bdfe-b02aee21e309/resourceGroups/FLUOR-SEA-PROD-RG02-S/providers/Microsoft.Compute/disks/SFAPPMGT001_OsDisk_1_346d10a4bd04469aa5d50a684e2d842d",
            "type": "String"
        },
        "disks_SFAPPMGT001_DataDisk2_externalid": {
            "defaultValue": "/subscriptions/cfe66d2a-acc8-4c3f-bdfe-b02aee21e309/resourceGroups/FLUOR-SEA-PROD-RG02-S/providers/Microsoft.Compute/disks/SFAPPMGT001_DataDisk2",
            "type": "String"
        },
        "disks_SFAPPMGT001_DataDisk3_externalid": {
            "defaultValue": "/subscriptions/cfe66d2a-acc8-4c3f-bdfe-b02aee21e309/resourceGroups/FLUOR-SEA-PROD-RG02-S/providers/Microsoft.Compute/disks/SFAPPMGT001_DataDisk3",
            "type": "String"
        },
        "networkInterfaces_sfappmgt001130_externalid": {
            "defaultValue": "/subscriptions/cfe66d2a-acc8-4c3f-bdfe-b02aee21e309/resourceGroups/FLUOR-SEA-PROD-RG02-S/providers/Microsoft.Network/networkInterfaces/sfappmgt001130",
            "type": "String"
        }
    },
    "variables": {},
    "resources": [
        {
            "type": "Microsoft.Compute/virtualMachines",
            "apiVersion": "2021-03-01",
            "name": "[parameters('virtualMachines_SFAPPMGT001_name')]",
            "location": "southeastasia",
            "tags": {
                "SAP Project Code": "S5FL",
                "OS": "W2016d",
                "WSUS": "Test"
            },
            "properties": {
                "hardwareProfile": {
                    "vmSize": "Standard_D2s_v3"
                },
                "storageProfile": {
                    "imageReference": {
                        "publisher": "MicrosoftWindowsServer",
                        "offer": "WindowsServer",
                        "sku": "2016-Datacenter",
                        "version": "latest"
                    },
                    "osDisk": {
                        "osType": "Windows",
                        "name": "[concat(parameters('virtualMachines_SFAPPMGT001_name'), '_OsDisk_1_346d10a4bd04469aa5d50a684e2d842d')]",
                        "createOption": "FromImage",
                        "caching": "ReadWrite",
                        "managedDisk": {
                            "storageAccountType": "Premium_LRS",
                            "id": "[parameters('disks_SFAPPMGT001_OsDisk_1_346d10a4bd04469aa5d50a684e2d842d_externalid')]"
                        },
                        "diskSizeGB": 127
                    },
                    "dataDisks": [
                        {
                            "lun": 0,
                            "name": "[concat(parameters('virtualMachines_SFAPPMGT001_name'), '_DataDisk2')]",
                            "createOption": "Attach",
                            "caching": "ReadWrite",
                            "managedDisk": {
                                "storageAccountType": "Standard_LRS",
                                "id": "[parameters('disks_SFAPPMGT001_DataDisk2_externalid')]"
                            },
                            "diskSizeGB": 100,
                            "toBeDetached": false
                        },
                        {
                            "lun": 1,
                            "name": "[concat(parameters('virtualMachines_SFAPPMGT001_name'), '_DataDisk3')]",
                            "createOption": "Attach",
                            "caching": "ReadWrite",
                            "managedDisk": {
                                "storageAccountType": "StandardSSD_LRS",
                                "id": "[parameters('disks_SFAPPMGT001_DataDisk3_externalid')]"
                            },
                            "diskSizeGB": 4095,
                            "toBeDetached": false
                        }
                    ]
                },
                "osProfile": {
                    "computerName": "[parameters('virtualMachines_SFAPPMGT001_name')]",
                    "adminUsername": "ibmadmin",
                    "windowsConfiguration": {
                        "provisionVMAgent": true,
                        "enableAutomaticUpdates": true,
                        "patchSettings": {
                            "patchMode": "AutomaticByOS",
                            "assessmentMode": "ImageDefault"
                        }
                    },
                    "secrets": []
                },
                "networkProfile": {
                    "networkInterfaces": [
                        {
                            "id": "[parameters('networkInterfaces_sfappmgt001130_externalid')]"
                        }
                    ]
                },
                "diagnosticsProfile": {
                    "bootDiagnostics": {
                        "enabled": true,
                        "storageUri": "https://fluorseaprodrg01diag683.blob.core.windows.net/"
                    }
                }
            }
        },
        {
            "type": "Microsoft.Compute/virtualMachines/extensions",
            "apiVersion": "2021-03-01",
            "name": "[concat(parameters('virtualMachines_SFAPPMGT001_name'), '/AzureNetworkWatcherExtension')]",
            "location": "southeastasia",
            "dependsOn": [
                "[resourceId('Microsoft.Compute/virtualMachines', parameters('virtualMachines_SFAPPMGT001_name'))]"
            ],
            "properties": {
                "autoUpgradeMinorVersion": true,
                "publisher": "Microsoft.Azure.NetworkWatcher",
                "type": "NetworkWatcherAgentWindows",
                "typeHandlerVersion": "1.4"
            }
        },
        {
            "type": "Microsoft.Compute/virtualMachines/extensions",
            "apiVersion": "2021-03-01",
            "name": "[concat(parameters('virtualMachines_SFAPPMGT001_name'), '/enablevmaccess')]",
            "location": "southeastasia",
            "dependsOn": [
                "[resourceId('Microsoft.Compute/virtualMachines', parameters('virtualMachines_SFAPPMGT001_name'))]"
            ],
            "properties": {
                "autoUpgradeMinorVersion": true,
                "publisher": "Microsoft.Compute",
                "type": "VMAccessAgent",
                "typeHandlerVersion": "2.0",
                "settings": {
                    "UserName": "ibmadmin"
                },
                "protectedSettings": {}
            }
        },
        {
            "type": "Microsoft.Compute/virtualMachines/extensions",
            "apiVersion": "2021-03-01",
            "name": "[concat(parameters('virtualMachines_SFAPPMGT001_name'), '/IaaSDiagnostics')]",
            "location": "southeastasia",
            "dependsOn": [
                "[resourceId('Microsoft.Compute/virtualMachines', parameters('virtualMachines_SFAPPMGT001_name'))]"
            ],
            "properties": {
                "autoUpgradeMinorVersion": true,
                "publisher": "Microsoft.Azure.Diagnostics",
                "type": "IaaSDiagnostics",
                "typeHandlerVersion": "1.5",
                "settings": {
                    "StorageAccount": "fluorseaprodrg01diag683",
                    "xmlCfg": "[parameters('extensions_IaaSDiagnostics_xmlCfg')]"
                },
                "protectedSettings": {
                    "storageAccountName": "[parameters('extensions_IaaSDiagnostics_storageAccountName')]",
                    "storageAccountKey": "[parameters('extensions_IaaSDiagnostics_storageAccountKey')]",
                    "storageAccountEndPoint": "[parameters('extensions_IaaSDiagnostics_storageAccountEndPoint')]"
                }
            }
        }
    ]
}