{
    "$schema": "https://schema.management.azure.com/schemas/2015-01-01/deploymentParameters.json#",
    "contentVersion": "1.0.0.0",
    "parameters": {
        "extensions_Microsoft_Insights_VMDiagnosticsSettings_xmlCfg": {
            "value": null
        },
        "extensions_Microsoft_Insights_VMDiagnosticsSettings_storageAccountName": {
            "value": null
        },
        "extensions_Microsoft_Insights_VMDiagnosticsSettings_storageAccountKey": {
            "value": null
        },
        "extensions_Microsoft_Insights_VMDiagnosticsSettings_storageAccountEndPoint": {
            "value": null
        },
        "virtualMachines_SFAPPDBA004_name": {
            "value": null
        },
        "disks_SFAPPDBA004_OsDisk_1_1f9d402fe9fa44dd80fd23765ac979eb_externalid": {
            "value": null
        },
        "disks_SFAPPDBA004_DataDisk1_externalid": {
            "value": null
        },
        "disks_SFAPPDBA004_DataDisk2_externalid": {
            "value": null
        },
        "networkInterfaces_sfappdba004723_externalid": {
            "value": null
        }
    }
}