{
    "$schema": "https://schema.management.azure.com/schemas/2019-04-01/deploymentTemplate.json#",
    "contentVersion": "1.0.0.0",
    "parameters": {
        "extensions_Microsoft_Insights_VMDiagnosticsSettings_xmlCfg": {
            "type": "SecureString"
        },
        "extensions_Microsoft_Insights_VMDiagnosticsSettings_storageAccountName": {
            "type": "SecureString"
        },
        "extensions_Microsoft_Insights_VMDiagnosticsSettings_storageAccountKey": {
            "type": "SecureString"
        },
        "extensions_Microsoft_Insights_VMDiagnosticsSettings_storageAccountEndPoint": {
            "type": "SecureString"
        },
        "virtualMachines_SFAPPDBA004_name": {
            "defaultValue": "SFAPPDBA004",
            "type": "String"
        },
        "disks_SFAPPDBA004_OsDisk_1_1f9d402fe9fa44dd80fd23765ac979eb_externalid": {
            "defaultValue": "/subscriptions/cfe66d2a-acc8-4c3f-bdfe-b02aee21e309/resourceGroups/FLUOR-SEA-PROD-RG02-S/providers/Microsoft.Compute/disks/SFAPPDBA004_OsDisk_1_1f9d402fe9fa44dd80fd23765ac979eb",
            "type": "String"
        },
        "disks_SFAPPDBA004_DataDisk1_externalid": {
            "defaultValue": "/subscriptions/cfe66d2a-acc8-4c3f-bdfe-b02aee21e309/resourceGroups/FLUOR-SEA-PROD-RG02-S/providers/Microsoft.Compute/disks/SFAPPDBA004_DataDisk1",
            "type": "String"
        },
        "disks_SFAPPDBA004_DataDisk2_externalid": {
            "defaultValue": "/subscriptions/cfe66d2a-acc8-4c3f-bdfe-b02aee21e309/resourceGroups/FLUOR-SEA-PROD-RG02-S/providers/Microsoft.Compute/disks/SFAPPDBA004_DataDisk2",
            "type": "String"
        },
        "networkInterfaces_sfappdba004723_externalid": {
            "defaultValue": "/subscriptions/cfe66d2a-acc8-4c3f-bdfe-b02aee21e309/resourceGroups/FLUOR-SEA-PROD-RG02-S/providers/Microsoft.Network/networkInterfaces/sfappdba004723",
            "type": "String"
        }
    },
    "variables": {},
    "resources": [
        {
            "type": "Microsoft.Compute/virtualMachines",
            "apiVersion": "2021-03-01",
            "name": "[parameters('virtualMachines_SFAPPDBA004_name')]",
            "location": "southeastasia",
            "tags": {
                "Application": "SPM DB",
                "os": "W2012R2d",
                "Site_Code": "123456_SouthFlank",
                "WSUS": "Prod",
                "SAP Project Code": "S5FL"
            },
            "properties": {
                "hardwareProfile": {
                    "vmSize": "Standard_E4s_v3"
                },
                "storageProfile": {
                    "imageReference": {
                        "publisher": "MicrosoftWindowsServer",
                        "offer": "WindowsServer",
                        "sku": "2012-R2-Datacenter",
                        "version": "latest"
                    },
                    "osDisk": {
                        "osType": "Windows",
                        "name": "[concat(parameters('virtualMachines_SFAPPDBA004_name'), '_OsDisk_1_1f9d402fe9fa44dd80fd23765ac979eb')]",
                        "createOption": "FromImage",
                        "caching": "ReadWrite",
                        "managedDisk": {
                            "id": "[parameters('disks_SFAPPDBA004_OsDisk_1_1f9d402fe9fa44dd80fd23765ac979eb_externalid')]"
                        }
                    },
                    "dataDisks": [
                        {
                            "lun": 0,
                            "name": "[concat(parameters('virtualMachines_SFAPPDBA004_name'), '_DataDisk1')]",
                            "createOption": "Attach",
                            "caching": "ReadWrite",
                            "managedDisk": {
                                "id": "[parameters('disks_SFAPPDBA004_DataDisk1_externalid')]"
                            },
                            "toBeDetached": false
                        },
                        {
                            "lun": 1,
                            "name": "[concat(parameters('virtualMachines_SFAPPDBA004_name'), '_DataDisk2')]",
                            "createOption": "Attach",
                            "caching": "ReadWrite",
                            "managedDisk": {
                                "id": "[parameters('disks_SFAPPDBA004_DataDisk2_externalid')]"
                            },
                            "toBeDetached": false
                        }
                    ]
                },
                "osProfile": {
                    "computerName": "[parameters('virtualMachines_SFAPPDBA004_name')]",
                    "adminUsername": "fluoradmin",
                    "windowsConfiguration": {
                        "provisionVMAgent": true,
                        "enableAutomaticUpdates": true,
                        "patchSettings": {
                            "patchMode": "AutomaticByOS",
                            "assessmentMode": "ImageDefault"
                        }
                    },
                    "secrets": [],
                    "allowExtensionOperations": true
                },
                "networkProfile": {
                    "networkInterfaces": [
                        {
                            "id": "[parameters('networkInterfaces_sfappdba004723_externalid')]"
                        }
                    ]
                },
                "diagnosticsProfile": {
                    "bootDiagnostics": {
                        "enabled": true,
                        "storageUri": "https://fluorseaprodrg02.blob.core.windows.net/"
                    }
                }
            }
        },
        {
            "type": "Microsoft.Compute/virtualMachines/extensions",
            "apiVersion": "2021-03-01",
            "name": "[concat(parameters('virtualMachines_SFAPPDBA004_name'), '/Microsoft.Insights.VMDiagnosticsSettings')]",
            "location": "southeastasia",
            "dependsOn": [
                "[resourceId('Microsoft.Compute/virtualMachines', parameters('virtualMachines_SFAPPDBA004_name'))]"
            ],
            "properties": {
                "autoUpgradeMinorVersion": true,
                "publisher": "Microsoft.Azure.Diagnostics",
                "type": "IaaSDiagnostics",
                "typeHandlerVersion": "1.5",
                "settings": {
                    "StorageAccount": "fluorseaprodrg02",
                    "xmlCfg": "[parameters('extensions_Microsoft_Insights_VMDiagnosticsSettings_xmlCfg')]"
                },
                "protectedSettings": {
                    "storageAccountName": "[parameters('extensions_Microsoft_Insights_VMDiagnosticsSettings_storageAccountName')]",
                    "storageAccountKey": "[parameters('extensions_Microsoft_Insights_VMDiagnosticsSettings_storageAccountKey')]",
                    "storageAccountEndPoint": "[parameters('extensions_Microsoft_Insights_VMDiagnosticsSettings_storageAccountEndPoint')]"
                }
            }
        }
    ]
}