{
    "$schema": "https://schema.management.azure.com/schemas/2015-01-01/deploymentParameters.json#",
    "contentVersion": "1.0.0.0",
    "parameters": {
        "extensions_IaaSDiagnostics_xmlCfg": {
            "value": null
        },
        "extensions_IaaSDiagnostics_storageAccountName": {
            "value": null
        },
        "extensions_IaaSDiagnostics_storageAccountKey": {
            "value": null
        },
        "extensions_IaaSDiagnostics_storageAccountEndPoint": {
            "value": null
        },
        "virtualMachines_SFAPPAFS002_name": {
            "value": null
        },
        "disks_SFAPPAFS002_OsDisk_1_f1d0bca3c2f24981a902163832429095_externalid": {
            "value": null
        },
        "disks_sfappafs002_ddisk1_externalid": {
            "value": null
        },
        "networkInterfaces_sfappafs002578_externalid": {
            "value": null
        }
    }
}