{
    "$schema": "https://schema.management.azure.com/schemas/2015-01-01/deploymentParameters.json#",
    "contentVersion": "1.0.0.0",
    "parameters": {
        "extensions_IaaSDiagnostics_xmlCfg": {
            "value": null
        },
        "extensions_IaaSDiagnostics_storageAccountName": {
            "value": null
        },
        "extensions_IaaSDiagnostics_storageAccountKey": {
            "value": null
        },
        "extensions_IaaSDiagnostics_storageAccountEndPoint": {
            "value": null
        },
        "virtualMachines_SFACPDBA002_name": {
            "value": null
        },
        "availabilitySets_ASFACPDBA_ASET01_externalid": {
            "value": null
        },
        "disks_SFACPDBA002_OsDisk_1_5de7e95a28ec49cfbf32c6849f72910f_externalid": {
            "value": null
        },
        "disks_SFACPDBA002_DataDisk1_externalid": {
            "value": null
        },
        "disks_SFACPDBA002_DataDisk2_externalid": {
            "value": null
        },
        "disks_SFACPDBA002_DataDisk5_externalid": {
            "value": null
        },
        "networkInterfaces_sfacpdba002794_externalid": {
            "value": null
        }
    }
}