{
    "$schema": "https://schema.management.azure.com/schemas/2015-01-01/deploymentParameters.json#",
    "contentVersion": "1.0.0.0",
    "parameters": {
        "images_SFAPPMGT100_image_20190909072536_name": {
            "value": null
        },
        "virtualMachines_SFAPPMGT100_externalid": {
            "value": null
        },
        "disks_SFAPPMGT100_disk1_f2cd34bb827741348780914279159db0_externalid": {
            "value": null
        },
        "disks_SFAPPMGT100_disk2_44ab2c129c304ed2b38e16ca997778fc_externalid": {
            "value": null
        },
        "disks_SFAPPMGT100_disk3_f37dcfe269b043a2bf2a6474e48f0477_externalid": {
            "value": null
        },
        "disks_SFAPPMGT100_disk4_724eba4edf214914812ae1f77b14c050_externalid": {
            "value": null
        }
    }
}