{
    "$schema": "https://schema.management.azure.com/schemas/2019-04-01/deploymentTemplate.json#",
    "contentVersion": "1.0.0.0",
    "parameters": {
        "images_SFAPPMGT100_image_20190909072536_name": {
            "defaultValue": "SFAPPMGT100-image-20190909072536",
            "type": "String"
        },
        "virtualMachines_SFAPPMGT100_externalid": {
            "defaultValue": "/subscriptions/cfe66d2a-acc8-4c3f-bdfe-b02aee21e309/resourceGroups/FLUOR-SEA-PROD-RG02-S/providers/Microsoft.Compute/virtualMachines/SFAPPMGT100",
            "type": "String"
        },
        "disks_SFAPPMGT100_disk1_f2cd34bb827741348780914279159db0_externalid": {
            "defaultValue": "/subscriptions/cfe66d2a-acc8-4c3f-bdfe-b02aee21e309/resourceGroups/FLUOR-SEA-PROD-RG02-S/providers/Microsoft.Compute/disks/SFAPPMGT100_disk1_f2cd34bb827741348780914279159db0",
            "type": "String"
        },
        "disks_SFAPPMGT100_disk2_44ab2c129c304ed2b38e16ca997778fc_externalid": {
            "defaultValue": "/subscriptions/cfe66d2a-acc8-4c3f-bdfe-b02aee21e309/resourceGroups/FLUOR-SEA-PROD-RG02-S/providers/Microsoft.Compute/disks/SFAPPMGT100_disk2_44ab2c129c304ed2b38e16ca997778fc",
            "type": "String"
        },
        "disks_SFAPPMGT100_disk3_f37dcfe269b043a2bf2a6474e48f0477_externalid": {
            "defaultValue": "/subscriptions/cfe66d2a-acc8-4c3f-bdfe-b02aee21e309/resourceGroups/FLUOR-SEA-PROD-RG02-S/providers/Microsoft.Compute/disks/SFAPPMGT100_disk3_f37dcfe269b043a2bf2a6474e48f0477",
            "type": "String"
        },
        "disks_SFAPPMGT100_disk4_724eba4edf214914812ae1f77b14c050_externalid": {
            "defaultValue": "/subscriptions/cfe66d2a-acc8-4c3f-bdfe-b02aee21e309/resourceGroups/FLUOR-SEA-PROD-RG02-S/providers/Microsoft.Compute/disks/SFAPPMGT100_disk4_724eba4edf214914812ae1f77b14c050",
            "type": "String"
        }
    },
    "variables": {},
    "resources": [
        {
            "type": "Microsoft.Compute/images",
            "apiVersion": "2021-03-01",
            "name": "[parameters('images_SFAPPMGT100_image_20190909072536_name')]",
            "location": "southeastasia",
            "tags": {
                "SAP Project Code": "S5FL"
            },
            "properties": {
                "sourceVirtualMachine": {
                    "id": "[parameters('virtualMachines_SFAPPMGT100_externalid')]"
                },
                "storageProfile": {
                    "osDisk": {
                        "osType": "Windows",
                        "osState": "Generalized",
                        "diskSizeGB": 127,
                        "managedDisk": {
                            "id": "[parameters('disks_SFAPPMGT100_disk1_f2cd34bb827741348780914279159db0_externalid')]"
                        },
                        "caching": "ReadWrite",
                        "storageAccountType": "Standard_LRS"
                    },
                    "dataDisks": [
                        {
                            "lun": 0,
                            "diskSizeGB": 100,
                            "managedDisk": {
                                "id": "[parameters('disks_SFAPPMGT100_disk2_44ab2c129c304ed2b38e16ca997778fc_externalid')]"
                            },
                            "caching": "ReadWrite",
                            "storageAccountType": "Standard_LRS"
                        },
                        {
                            "lun": 1,
                            "diskSizeGB": 35,
                            "managedDisk": {
                                "id": "[parameters('disks_SFAPPMGT100_disk3_f37dcfe269b043a2bf2a6474e48f0477_externalid')]"
                            },
                            "caching": "ReadWrite",
                            "storageAccountType": "Standard_LRS"
                        },
                        {
                            "lun": 2,
                            "diskSizeGB": 50,
                            "managedDisk": {
                                "id": "[parameters('disks_SFAPPMGT100_disk4_724eba4edf214914812ae1f77b14c050_externalid')]"
                            },
                            "caching": "ReadWrite",
                            "storageAccountType": "Standard_LRS"
                        }
                    ],
                    "zoneResilient": false
                },
                "hyperVGeneration": "V1"
            }
        }
    ]
}