{
    "$schema": "https://schema.management.azure.com/schemas/2015-01-01/deploymentParameters.json#",
    "contentVersion": "1.0.0.0",
    "parameters": {
        "extensions_Microsoft_Insights_VMDiagnosticsSettings_xmlCfg": {
            "value": null
        },
        "extensions_Microsoft_Insights_VMDiagnosticsSettings_storageAccountName": {
            "value": null
        },
        "extensions_Microsoft_Insights_VMDiagnosticsSettings_storageAccountKey": {
            "value": null
        },
        "extensions_Microsoft_Insights_VMDiagnosticsSettings_storageAccountEndPoint": {
            "value": null
        },
        "virtualMachines_SFAPPWEB002_name": {
            "value": null
        },
        "disks_SFAPPWEB002_OsDisk_1_ba0e2d8a2e6448678c1bbe097e7fae49_externalid": {
            "value": null
        },
        "disks_SFAPPWEB002_DataDisk1_externalid": {
            "value": null
        },
        "networkInterfaces_sfappweb002164_externalid": {
            "value": null
        }
    }
}