{
    "$schema": "https://schema.management.azure.com/schemas/2015-01-01/deploymentParameters.json#",
    "contentVersion": "1.0.0.0",
    "parameters": {
        "extensions_IaaSDiagnostics_xmlCfg": {
            "value": null
        },
        "extensions_IaaSDiagnostics_storageAccountName": {
            "value": null
        },
        "extensions_IaaSDiagnostics_storageAccountKey": {
            "value": null
        },
        "extensions_IaaSDiagnostics_storageAccountEndPoint": {
            "value": null
        },
        "virtualMachines_SFACPDBA003_name": {
            "value": null
        },
        "availabilitySets_ASFACPDBA_ASET01_externalid": {
            "value": null
        },
        "disks_SFACPDBA003_OsDisk_1_e6170c5c72bb43a18799ac73a0f4f033_externalid": {
            "value": null
        },
        "disks_SFACPDBA003_DataDisk1_externalid": {
            "value": null
        },
        "disks_SFACPDBA003_DataDisk2_externalid": {
            "value": null
        },
        "disks_SFACPDBA003_DataDisk4_externalid": {
            "value": null
        },
        "disks_SFACPDBA003_DataDisk5_externalid": {
            "value": null
        },
        "networkInterfaces_sfacpdba00372_externalid": {
            "value": null
        }
    }
}