{
    "$schema": "https://schema.management.azure.com/schemas/2015-01-01/deploymentParameters.json#",
    "contentVersion": "1.0.0.0",
    "parameters": {
        "extensions_IaaSDiagnostics_xmlCfg": {
            "value": null
        },
        "extensions_IaaSDiagnostics_storageAccountName": {
            "value": null
        },
        "extensions_IaaSDiagnostics_storageAccountKey": {
            "value": null
        },
        "extensions_IaaSDiagnostics_storageAccountEndPoint": {
            "value": null
        },
        "virtualMachines_SFAPPCTX003_name": {
            "value": null
        },
        "disks_SFAPPCTX003_OsDisk_1_b872d783e2bc456cbcb240c196fcc05a_externalid": {
            "value": null
        },
        "networkInterfaces_sfappctx003241_externalid": {
            "value": null
        }
    }
}