{
    "$schema": "https://schema.management.azure.com/schemas/2019-04-01/deploymentTemplate.json#",
    "contentVersion": "1.0.0.0",
    "parameters": {
        "disks_SFAPPDBA001_OsDisk_1_ccb62cc8ccf446b3b453a793dcc426e1_name": {
            "defaultValue": "SFAPPDBA001_OsDisk_1_ccb62cc8ccf446b3b453a793dcc426e1",
            "type": "String"
        }
    },
    "variables": {},
    "resources": [
        {
            "type": "Microsoft.Compute/disks",
            "apiVersion": "2020-09-30",
            "name": "[parameters('disks_SFAPPDBA001_OsDisk_1_ccb62cc8ccf446b3b453a793dcc426e1_name')]",
            "location": "southeastasia",
            "tags": {
                "SAP Project Code": "S5FL"
            },
            "sku": {
                "name": "Premium_LRS",
                "tier": "Premium"
            },
            "properties": {
                "osType": "Windows",
                "creationData": {
                    "createOption": "FromImage",
                    "imageReference": {
                        "id": "/Subscriptions/cfe66d2a-acc8-4c3f-bdfe-b02aee21e309/Providers/Microsoft.Compute/Locations/southeastasia/Publishers/MicrosoftSQLServer/ArtifactTypes/VMImage/Offers/SQL2017-WS2016/Skus/Standard/Versions/14.0.1000320"
                    }
                },
                "diskSizeGB": 127,
                "diskIOPSReadWrite": 500,
                "diskMBpsReadWrite": 100,
                "encryption": {
                    "type": "EncryptionAtRestWithPlatformKey"
                },
                "diskState": "Attached",
                "networkAccessPolicy": "AllowAll"
            }
        }
    ]
}