{
    "$schema": "https://schema.management.azure.com/schemas/2015-01-01/deploymentParameters.json#",
    "contentVersion": "1.0.0.0",
    "parameters": {
        "extensions_Microsoft_Insights_VMDiagnosticsSettings_xmlCfg": {
            "value": null
        },
        "extensions_Microsoft_Insights_VMDiagnosticsSettings_storageAccountName": {
            "value": null
        },
        "extensions_Microsoft_Insights_VMDiagnosticsSettings_storageAccountKey": {
            "value": null
        },
        "extensions_Microsoft_Insights_VMDiagnosticsSettings_storageAccountEndPoint": {
            "value": null
        },
        "virtualMachines_SFAPPCTX005_name": {
            "value": null
        },
        "disks_SFAPPCTX005_OsDisk_1_5a1c12f25a804b9a8a71b606bd748fe7_externalid": {
            "value": null
        },
        "networkInterfaces_sfappctx005454_externalid": {
            "value": null
        }
    }
}