{
    "$schema": "https://schema.management.azure.com/schemas/2019-04-01/deploymentTemplate.json#",
    "contentVersion": "1.0.0.0",
    "parameters": {
        "extensions_Microsoft_Insights_VMDiagnosticsSettings_xmlCfg": {
            "type": "SecureString"
        },
        "extensions_Microsoft_Insights_VMDiagnosticsSettings_storageAccountName": {
            "type": "SecureString"
        },
        "extensions_Microsoft_Insights_VMDiagnosticsSettings_storageAccountKey": {
            "type": "SecureString"
        },
        "extensions_Microsoft_Insights_VMDiagnosticsSettings_storageAccountEndPoint": {
            "type": "SecureString"
        },
        "virtualMachines_SFAPPCTX005_name": {
            "defaultValue": "SFAPPCTX005",
            "type": "String"
        },
        "disks_SFAPPCTX005_OsDisk_1_5a1c12f25a804b9a8a71b606bd748fe7_externalid": {
            "defaultValue": "/subscriptions/cfe66d2a-acc8-4c3f-bdfe-b02aee21e309/resourceGroups/FLUOR-SEA-PROD-RG02-S/providers/Microsoft.Compute/disks/SFAPPCTX005_OsDisk_1_5a1c12f25a804b9a8a71b606bd748fe7",
            "type": "String"
        },
        "networkInterfaces_sfappctx005454_externalid": {
            "defaultValue": "/subscriptions/cfe66d2a-acc8-4c3f-bdfe-b02aee21e309/resourceGroups/FLUOR-SEA-PROD-RG02-S/providers/Microsoft.Network/networkInterfaces/sfappctx005454",
            "type": "String"
        }
    },
    "variables": {},
    "resources": [
        {
            "type": "Microsoft.Compute/virtualMachines",
            "apiVersion": "2021-03-01",
            "name": "[parameters('virtualMachines_SFAPPCTX005_name')]",
            "location": "southeastasia",
            "tags": {
                "os": "W2016d",
                "SAP Project Code": "S5FL",
                "WSUS": "Prod",
                "Application": "Citrix-App",
                "RunningState": "Off"
            },
            "properties": {
                "hardwareProfile": {
                    "vmSize": "Standard_F4s_v2"
                },
                "storageProfile": {
                    "imageReference": {
                        "publisher": "MicrosoftWindowsServer",
                        "offer": "WindowsServer",
                        "sku": "2016-Datacenter",
                        "version": "latest"
                    },
                    "osDisk": {
                        "osType": "Windows",
                        "name": "[concat(parameters('virtualMachines_SFAPPCTX005_name'), '_OsDisk_1_5a1c12f25a804b9a8a71b606bd748fe7')]",
                        "createOption": "FromImage",
                        "caching": "ReadWrite",
                        "managedDisk": {
                            "id": "[parameters('disks_SFAPPCTX005_OsDisk_1_5a1c12f25a804b9a8a71b606bd748fe7_externalid')]"
                        }
                    },
                    "dataDisks": []
                },
                "osProfile": {
                    "computerName": "[parameters('virtualMachines_SFAPPCTX005_name')]",
                    "adminUsername": "fluoradmin",
                    "windowsConfiguration": {
                        "provisionVMAgent": true,
                        "enableAutomaticUpdates": true,
                        "patchSettings": {
                            "patchMode": "AutomaticByOS",
                            "assessmentMode": "ImageDefault"
                        }
                    },
                    "secrets": [],
                    "allowExtensionOperations": true
                },
                "networkProfile": {
                    "networkInterfaces": [
                        {
                            "id": "[parameters('networkInterfaces_sfappctx005454_externalid')]"
                        }
                    ]
                },
                "diagnosticsProfile": {
                    "bootDiagnostics": {
                        "enabled": true,
                        "storageUri": "https://fluorseaprodrg02.blob.core.windows.net/"
                    }
                }
            }
        },
        {
            "type": "Microsoft.Compute/virtualMachines/extensions",
            "apiVersion": "2021-03-01",
            "name": "[concat(parameters('virtualMachines_SFAPPCTX005_name'), '/Microsoft.Insights.VMDiagnosticsSettings')]",
            "location": "southeastasia",
            "dependsOn": [
                "[resourceId('Microsoft.Compute/virtualMachines', parameters('virtualMachines_SFAPPCTX005_name'))]"
            ],
            "tags": {
                "os": "W2016d",
                "SAP Project Code": "S5FL",
                "WSUS": "Prod",
                "Application": "Citrix-App"
            },
            "properties": {
                "autoUpgradeMinorVersion": true,
                "publisher": "Microsoft.Azure.Diagnostics",
                "type": "IaaSDiagnostics",
                "typeHandlerVersion": "1.5",
                "settings": {
                    "StorageAccount": "fluorseaprodrg02",
                    "xmlCfg": "[parameters('extensions_Microsoft_Insights_VMDiagnosticsSettings_xmlCfg')]"
                },
                "protectedSettings": {
                    "storageAccountName": "[parameters('extensions_Microsoft_Insights_VMDiagnosticsSettings_storageAccountName')]",
                    "storageAccountKey": "[parameters('extensions_Microsoft_Insights_VMDiagnosticsSettings_storageAccountKey')]",
                    "storageAccountEndPoint": "[parameters('extensions_Microsoft_Insights_VMDiagnosticsSettings_storageAccountEndPoint')]"
                }
            }
        }
    ]
}