{
    "$schema": "https://schema.management.azure.com/schemas/2019-04-01/deploymentTemplate.json#",
    "contentVersion": "1.0.0.0",
    "parameters": {
        "disks_SFAPPFIL001_DataDisk2_name": {
            "defaultValue": "SFAPPFIL001_DataDisk2",
            "type": "String"
        }
    },
    "variables": {},
    "resources": [
        {
            "type": "Microsoft.Compute/disks",
            "apiVersion": "2020-09-30",
            "name": "[parameters('disks_SFAPPFIL001_DataDisk2_name')]",
            "location": "southeastasia",
            "tags": {
                "SAP Project Code": "S5FL"
            },
            "sku": {
                "name": "Standard_LRS",
                "tier": "Standard"
            },
            "properties": {
                "creationData": {
                    "createOption": "Empty"
                },
                "diskSizeGB": 2048,
                "diskIOPSReadWrite": 500,
                "diskMBpsReadWrite": 60,
                "encryption": {
                    "type": "EncryptionAtRestWithPlatformKey"
                },
                "diskState": "Attached",
                "networkAccessPolicy": "AllowAll"
            }
        }
    ]
}