{
    "$schema": "https://schema.management.azure.com/schemas/2019-04-01/deploymentTemplate.json#",
    "contentVersion": "1.0.0.0",
    "parameters": {
        "disks_SFAPPAFS001_OsDisk_1_54b02e5870434adc8286859325ee5828_name": {
            "defaultValue": "SFAPPAFS001_OsDisk_1_54b02e5870434adc8286859325ee5828",
            "type": "String"
        }
    },
    "variables": {},
    "resources": [
        {
            "type": "Microsoft.Compute/disks",
            "apiVersion": "2020-09-30",
            "name": "[parameters('disks_SFAPPAFS001_OsDisk_1_54b02e5870434adc8286859325ee5828_name')]",
            "location": "southeastasia",
            "tags": {
                "SAP Project Code": "S5FL"
            },
            "sku": {
                "name": "Premium_LRS",
                "tier": "Premium"
            },
            "properties": {
                "osType": "Windows",
                "creationData": {
                    "createOption": "FromImage",
                    "imageReference": {
                        "id": "/Subscriptions/cfe66d2a-acc8-4c3f-bdfe-b02aee21e309/Providers/Microsoft.Compute/Locations/southeastasia/Publishers/MicrosoftWindowsServer/ArtifactTypes/VMImage/Offers/WindowsServer/Skus/2016-Datacenter/Versions/2016.127.20180613"
                    }
                },
                "diskSizeGB": 127,
                "diskIOPSReadWrite": 500,
                "diskMBpsReadWrite": 100,
                "encryption": {
                    "type": "EncryptionAtRestWithPlatformKey"
                },
                "diskState": "Attached",
                "networkAccessPolicy": "AllowAll"
            }
        }
    ]
}