{
    "$schema": "https://schema.management.azure.com/schemas/2015-01-01/deploymentParameters.json#",
    "contentVersion": "1.0.0.0",
    "parameters": {
        "extensions_IaaSDiagnostics_xmlCfg": {
            "value": null
        },
        "extensions_IaaSDiagnostics_storageAccountName": {
            "value": null
        },
        "extensions_IaaSDiagnostics_storageAccountKey": {
            "value": null
        },
        "extensions_IaaSDiagnostics_storageAccountEndPoint": {
            "value": null
        },
        "virtualMachines_SFAPPCSF001_name": {
            "value": null
        },
        "availabilitySets_ASFAPPCSF_ASET_externalid": {
            "value": null
        },
        "disks_SFAPPCSF001_OsDisk_1_c3690dbd5e0b4293aa70dd6ff2b3392d_externalid": {
            "value": null
        },
        "networkInterfaces_sfappcsf001925_externalid": {
            "value": null
        }
    }
}