{
    "$schema": "https://schema.management.azure.com/schemas/2019-04-01/deploymentTemplate.json#",
    "contentVersion": "1.0.0.0",
    "parameters": {
        "disks_SFAPDWEB003_OsDisk_1_be247bf4315745a594bd87c496409bee_name": {
            "defaultValue": "SFAPDWEB003_OsDisk_1_be247bf4315745a594bd87c496409bee",
            "type": "String"
        }
    },
    "variables": {},
    "resources": [
        {
            "type": "Microsoft.Compute/disks",
            "apiVersion": "2020-09-30",
            "name": "[parameters('disks_SFAPDWEB003_OsDisk_1_be247bf4315745a594bd87c496409bee_name')]",
            "location": "southeastasia",
            "tags": {
                "WSUS": "Test",
                "Application": "SPO Web Server",
                "os": "W2016d",
                "SAP Project Code": "S5FL"
            },
            "sku": {
                "name": "Premium_LRS",
                "tier": "Premium"
            },
            "properties": {
                "osType": "Windows",
                "hyperVGeneration": "V1",
                "creationData": {
                    "createOption": "FromImage",
                    "imageReference": {
                        "id": "/Subscriptions/cfe66d2a-acc8-4c3f-bdfe-b02aee21e309/Providers/Microsoft.Compute/Locations/southeastasia/Publishers/MicrosoftWindowsServer/ArtifactTypes/VMImage/Offers/WindowsServer/Skus/2016-Datacenter/Versions/14393.3204.1909070001"
                    }
                },
                "diskSizeGB": 127,
                "diskIOPSReadWrite": 500,
                "diskMBpsReadWrite": 100,
                "encryption": {
                    "type": "EncryptionAtRestWithPlatformKey"
                },
                "diskState": "Reserved",
                "networkAccessPolicy": "AllowAll"
            }
        }
    ]
}