{
    "$schema": "https://schema.management.azure.com/schemas/2015-01-01/deploymentParameters.json#",
    "contentVersion": "1.0.0.0",
    "parameters": {
        "extensions_IaaSDiagnostics_xmlCfg": {
            "value": null
        },
        "extensions_IaaSDiagnostics_storageAccountName": {
            "value": null
        },
        "extensions_IaaSDiagnostics_storageAccountKey": {
            "value": null
        },
        "extensions_IaaSDiagnostics_storageAccountEndPoint": {
            "value": null
        },
        "virtualMachines_SFAPPCSF002_name": {
            "value": null
        },
        "availabilitySets_ASFAPPCSF_ASET_externalid": {
            "value": null
        },
        "disks_SFAPPCSF002_OsDisk_1_2786226baa5943ed93a33628df081604_externalid": {
            "value": null
        },
        "networkInterfaces_sfappcsf002925_externalid": {
            "value": null
        }
    }
}