{
    "$schema": "https://schema.management.azure.com/schemas/2019-04-01/deploymentTemplate.json#",
    "contentVersion": "1.0.0.0",
    "parameters": {
        "networkInterfaces_sfappctx005454_name": {
            "defaultValue": "sfappctx005454",
            "type": "String"
        },
        "virtualNetworks_fluor_sea_prod_vnet_externalid": {
            "defaultValue": "/subscriptions/cfe66d2a-acc8-4c3f-bdfe-b02aee21e309/resourceGroups/FLUOR-SEA-PROD-RG01/providers/Microsoft.Network/virtualNetworks/fluor-sea-prod-vnet",
            "type": "String"
        },
        "networkSecurityGroups_SFAPPCTX005_nsg_externalid": {
            "defaultValue": "/subscriptions/cfe66d2a-acc8-4c3f-bdfe-b02aee21e309/resourceGroups/FLUOR-SEA-PROD-RG02-S/providers/Microsoft.Network/networkSecurityGroups/SFAPPCTX005-nsg",
            "type": "String"
        }
    },
    "variables": {},
    "resources": [
        {
            "type": "Microsoft.Network/networkInterfaces",
            "apiVersion": "2020-11-01",
            "name": "[parameters('networkInterfaces_sfappctx005454_name')]",
            "location": "southeastasia",
            "tags": {
                "os": "W2016d",
                "SAP Project Code": "S5FL",
                "WSUS": "Prod",
                "Application": "Citrix-App"
            },
            "properties": {
                "ipConfigurations": [
                    {
                        "name": "ipconfig1",
                        "properties": {
                            "privateIPAddress": "10.144.8.14",
                            "privateIPAllocationMethod": "Static",
                            "subnet": {
                                "id": "[concat(parameters('virtualNetworks_fluor_sea_prod_vnet_externalid'), '/subnets/fluor-sea-prod-bustier-subnet')]"
                            },
                            "primary": true,
                            "privateIPAddressVersion": "IPv4"
                        }
                    }
                ],
                "dnsSettings": {
                    "dnsServers": []
                },
                "enableAcceleratedNetworking": true,
                "enableIPForwarding": false,
                "networkSecurityGroup": {
                    "id": "[parameters('networkSecurityGroups_SFAPPCTX005_nsg_externalid')]"
                }
            }
        }
    ]
}