{
    "$schema": "https://schema.management.azure.com/schemas/2015-01-01/deploymentParameters.json#",
    "contentVersion": "1.0.0.0",
    "parameters": {
        "extensions_IaaSDiagnostics_xmlCfg": {
            "value": null
        },
        "extensions_IaaSDiagnostics_storageAccountName": {
            "value": null
        },
        "extensions_IaaSDiagnostics_storageAccountKey": {
            "value": null
        },
        "extensions_IaaSDiagnostics_storageAccountEndPoint": {
            "value": null
        },
        "virtualMachines_SFAPPDBA001_name": {
            "value": null
        },
        "disks_SFAPPDBA001_OsDisk_1_ccb62cc8ccf446b3b453a793dcc426e1_externalid": {
            "value": null
        },
        "disks_SFAPPDBA001_DataDisk1_externalid": {
            "value": null
        },
        "disks_SFAPPDBA001_DataDisk2_externalid": {
            "value": null
        },
        "disks_SFAPPDBA001_DataDisk3_externalid": {
            "value": null
        },
        "networkInterfaces_sfappdba001516_externalid": {
            "value": null
        }
    }
}