{
    "$schema": "https://schema.management.azure.com/schemas/2019-04-01/deploymentTemplate.json#",
    "contentVersion": "1.0.0.0",
    "parameters": {
        "extensions_IaaSDiagnostics_xmlCfg": {
            "type": "SecureString"
        },
        "extensions_IaaSDiagnostics_storageAccountName": {
            "type": "SecureString"
        },
        "extensions_IaaSDiagnostics_storageAccountKey": {
            "type": "SecureString"
        },
        "extensions_IaaSDiagnostics_storageAccountEndPoint": {
            "type": "SecureString"
        },
        "virtualMachines_SFAPPDBA001_name": {
            "defaultValue": "SFAPPDBA001",
            "type": "String"
        },
        "disks_SFAPPDBA001_OsDisk_1_ccb62cc8ccf446b3b453a793dcc426e1_externalid": {
            "defaultValue": "/subscriptions/cfe66d2a-acc8-4c3f-bdfe-b02aee21e309/resourceGroups/FLUOR-SEA-PROD-RG02-S/providers/Microsoft.Compute/disks/SFAPPDBA001_OsDisk_1_ccb62cc8ccf446b3b453a793dcc426e1",
            "type": "String"
        },
        "disks_SFAPPDBA001_DataDisk1_externalid": {
            "defaultValue": "/subscriptions/cfe66d2a-acc8-4c3f-bdfe-b02aee21e309/resourceGroups/FLUOR-SEA-PROD-RG02-S/providers/Microsoft.Compute/disks/SFAPPDBA001_DataDisk1",
            "type": "String"
        },
        "disks_SFAPPDBA001_DataDisk2_externalid": {
            "defaultValue": "/subscriptions/cfe66d2a-acc8-4c3f-bdfe-b02aee21e309/resourceGroups/FLUOR-SEA-PROD-RG02-S/providers/Microsoft.Compute/disks/SFAPPDBA001_DataDisk2",
            "type": "String"
        },
        "disks_SFAPPDBA001_DataDisk3_externalid": {
            "defaultValue": "/subscriptions/cfe66d2a-acc8-4c3f-bdfe-b02aee21e309/resourceGroups/FLUOR-SEA-PROD-RG02-S/providers/Microsoft.Compute/disks/SFAPPDBA001_DataDisk3",
            "type": "String"
        },
        "networkInterfaces_sfappdba001516_externalid": {
            "defaultValue": "/subscriptions/cfe66d2a-acc8-4c3f-bdfe-b02aee21e309/resourceGroups/FLUOR-SEA-PROD-RG02-S/providers/Microsoft.Network/networkInterfaces/sfappdba001516",
            "type": "String"
        }
    },
    "variables": {},
    "resources": [
        {
            "type": "Microsoft.Compute/virtualMachines",
            "apiVersion": "2021-03-01",
            "name": "[parameters('virtualMachines_SFAPPDBA001_name')]",
            "location": "southeastasia",
            "tags": {
                "Application": "SQL Database",
                "SAP Project Code": "S5FL",
                "OS": "W2016d",
                "WSUS": "Prod"
            },
            "properties": {
                "hardwareProfile": {
                    "vmSize": "Standard_E4s_v3"
                },
                "storageProfile": {
                    "imageReference": {
                        "publisher": "MicrosoftSQLServer",
                        "offer": "SQL2017-WS2016",
                        "sku": "Standard",
                        "version": "latest"
                    },
                    "osDisk": {
                        "osType": "Windows",
                        "name": "[concat(parameters('virtualMachines_SFAPPDBA001_name'), '_OsDisk_1_ccb62cc8ccf446b3b453a793dcc426e1')]",
                        "createOption": "FromImage",
                        "caching": "ReadWrite",
                        "managedDisk": {
                            "storageAccountType": "Premium_LRS",
                            "id": "[parameters('disks_SFAPPDBA001_OsDisk_1_ccb62cc8ccf446b3b453a793dcc426e1_externalid')]"
                        },
                        "diskSizeGB": 127
                    },
                    "dataDisks": [
                        {
                            "lun": 4,
                            "name": "[concat(parameters('virtualMachines_SFAPPDBA001_name'), '_DataDisk1')]",
                            "createOption": "Attach",
                            "caching": "ReadWrite",
                            "managedDisk": {
                                "storageAccountType": "Premium_LRS",
                                "id": "[parameters('disks_SFAPPDBA001_DataDisk1_externalid')]"
                            },
                            "diskSizeGB": 300,
                            "toBeDetached": false
                        },
                        {
                            "lun": 5,
                            "name": "[concat(parameters('virtualMachines_SFAPPDBA001_name'), '_DataDisk2')]",
                            "createOption": "Attach",
                            "caching": "ReadWrite",
                            "managedDisk": {
                                "storageAccountType": "Premium_LRS",
                                "id": "[parameters('disks_SFAPPDBA001_DataDisk2_externalid')]"
                            },
                            "diskSizeGB": 300,
                            "toBeDetached": false
                        },
                        {
                            "lun": 6,
                            "name": "[concat(parameters('virtualMachines_SFAPPDBA001_name'), '_DataDisk3')]",
                            "createOption": "Attach",
                            "caching": "ReadWrite",
                            "managedDisk": {
                                "storageAccountType": "Premium_LRS",
                                "id": "[parameters('disks_SFAPPDBA001_DataDisk3_externalid')]"
                            },
                            "diskSizeGB": 300,
                            "toBeDetached": false
                        }
                    ]
                },
                "osProfile": {
                    "computerName": "[parameters('virtualMachines_SFAPPDBA001_name')]",
                    "adminUsername": "ibmadmin",
                    "windowsConfiguration": {
                        "provisionVMAgent": true,
                        "enableAutomaticUpdates": true,
                        "patchSettings": {
                            "patchMode": "AutomaticByOS",
                            "assessmentMode": "ImageDefault"
                        }
                    },
                    "secrets": []
                },
                "networkProfile": {
                    "networkInterfaces": [
                        {
                            "id": "[parameters('networkInterfaces_sfappdba001516_externalid')]"
                        }
                    ]
                },
                "diagnosticsProfile": {
                    "bootDiagnostics": {
                        "enabled": true,
                        "storageUri": "https://fluorseaprodrg01diag683.blob.core.windows.net/"
                    }
                }
            }
        },
        {
            "type": "Microsoft.Compute/virtualMachines/extensions",
            "apiVersion": "2021-03-01",
            "name": "[concat(parameters('virtualMachines_SFAPPDBA001_name'), '/IaaSDiagnostics')]",
            "location": "southeastasia",
            "dependsOn": [
                "[resourceId('Microsoft.Compute/virtualMachines', parameters('virtualMachines_SFAPPDBA001_name'))]"
            ],
            "properties": {
                "autoUpgradeMinorVersion": true,
                "publisher": "Microsoft.Azure.Diagnostics",
                "type": "IaaSDiagnostics",
                "typeHandlerVersion": "1.5",
                "settings": {
                    "StorageAccount": "fluorseaprodrg01diag683",
                    "xmlCfg": "[parameters('extensions_IaaSDiagnostics_xmlCfg')]"
                },
                "protectedSettings": {
                    "storageAccountName": "[parameters('extensions_IaaSDiagnostics_storageAccountName')]",
                    "storageAccountKey": "[parameters('extensions_IaaSDiagnostics_storageAccountKey')]",
                    "storageAccountEndPoint": "[parameters('extensions_IaaSDiagnostics_storageAccountEndPoint')]"
                }
            }
        }
    ]
}