{
    "$schema": "https://schema.management.azure.com/schemas/2015-01-01/deploymentParameters.json#",
    "contentVersion": "1.0.0.0",
    "parameters": {
        "extensions_Microsoft_Insights_VMDiagnosticsSettings_xmlCfg": {
            "value": null
        },
        "extensions_Microsoft_Insights_VMDiagnosticsSettings_storageAccountName": {
            "value": null
        },
        "extensions_Microsoft_Insights_VMDiagnosticsSettings_storageAccountKey": {
            "value": null
        },
        "extensions_Microsoft_Insights_VMDiagnosticsSettings_storageAccountEndPoint": {
            "value": null
        },
        "virtualMachines_SFAPPAPP004_name": {
            "value": null
        },
        "disks_SFAPPAPP004_OsDisk_1_9e0b9d45977d40ca9f3878830dbc830c_externalid": {
            "value": null
        },
        "disks_SFAPPAPP004_DataDisk1_externalid": {
            "value": null
        },
        "networkInterfaces_sfappapp004332_externalid": {
            "value": null
        }
    }
}