{
    "$schema": "https://schema.management.azure.com/schemas/2019-04-01/deploymentTemplate.json#",
    "contentVersion": "1.0.0.0",
    "parameters": {
        "disks_sfappapp02_OSdisk_restored_04302020_name": {
            "defaultValue": "sfappapp02_OSdisk_restored_04302020",
            "type": "String"
        },
        "storageAccounts_fluorseaprodrg02_externalid": {
            "defaultValue": "/subscriptions/cfe66d2a-acc8-4c3f-bdfe-b02aee21e309/resourceGroups/FLUOR-SEA-PROD-RG02-S/providers/Microsoft.Storage/storageAccounts/fluorseaprodrg02",
            "type": "String"
        }
    },
    "variables": {},
    "resources": [
        {
            "type": "Microsoft.Compute/disks",
            "apiVersion": "2020-09-30",
            "name": "[parameters('disks_sfappapp02_OSdisk_restored_04302020_name')]",
            "location": "southeastasia",
            "tags": {
                "SAP Project Code": "S5FL"
            },
            "sku": {
                "name": "Premium_LRS",
                "tier": "Premium"
            },
            "properties": {
                "osType": "Windows",
                "hyperVGeneration": "V1",
                "creationData": {
                    "createOption": "Import",
                    "storageAccountId": "[parameters('storageAccounts_fluorseaprodrg02_externalid')]",
                    "sourceUri": "https://fluorseaprodrg02.blob.core.windows.net/sfappapp002-40e899c500eb4d5f87dba312876aa347/sfappapp002-osdisk-20200519-171852.vhd"
                },
                "diskSizeGB": 128,
                "diskIOPSReadWrite": 500,
                "diskMBpsReadWrite": 100,
                "encryption": {
                    "type": "EncryptionAtRestWithPlatformKey"
                },
                "diskState": "Reserved",
                "networkAccessPolicy": "AllowAll"
            }
        }
    ]
}