{
    "$schema": "https://schema.management.azure.com/schemas/2015-01-01/deploymentParameters.json#",
    "contentVersion": "1.0.0.0",
    "parameters": {
        "virtualMachines_SFAPPDDC002_name": {
            "value": null
        },
        "availabilitySets_ASFAPPDDC_ASET_externalid": {
            "value": null
        },
        "disks_SFAPPDDC002_OsDisk_1_6df080e5dacf43cc9b715ac4d5eb6b6e_externalid": {
            "value": null
        },
        "networkInterfaces_sfappddc002925_externalid": {
            "value": null
        }
    }
}