{
    "$schema": "https://schema.management.azure.com/schemas/2019-04-01/deploymentTemplate.json#",
    "contentVersion": "1.0.0.0",
    "parameters": {
        "virtualMachines_SFAPPDDC002_name": {
            "defaultValue": "SFAPPDDC002",
            "type": "String"
        },
        "availabilitySets_ASFAPPDDC_ASET_externalid": {
            "defaultValue": "/subscriptions/cfe66d2a-acc8-4c3f-bdfe-b02aee21e309/resourceGroups/FLUOR-SEA-PROD-RG02-S/providers/Microsoft.Compute/availabilitySets/ASFAPPDDC-ASET",
            "type": "String"
        },
        "disks_SFAPPDDC002_OsDisk_1_6df080e5dacf43cc9b715ac4d5eb6b6e_externalid": {
            "defaultValue": "/subscriptions/cfe66d2a-acc8-4c3f-bdfe-b02aee21e309/resourceGroups/FLUOR-SEA-PROD-RG02-S/providers/Microsoft.Compute/disks/SFAPPDDC002_OsDisk_1_6df080e5dacf43cc9b715ac4d5eb6b6e",
            "type": "String"
        },
        "networkInterfaces_sfappddc002925_externalid": {
            "defaultValue": "/subscriptions/cfe66d2a-acc8-4c3f-bdfe-b02aee21e309/resourceGroups/FLUOR-SEA-PROD-RG02-S/providers/Microsoft.Network/networkInterfaces/sfappddc002925",
            "type": "String"
        }
    },
    "variables": {},
    "resources": [
        {
            "type": "Microsoft.Compute/virtualMachines",
            "apiVersion": "2021-03-01",
            "name": "[parameters('virtualMachines_SFAPPDDC002_name')]",
            "location": "southeastasia",
            "tags": {
                "Application": "Citrix-DDC",
                "SAP Project Code": "S5FL",
                "OS": "W2016d",
                "WSUS": "Test"
            },
            "properties": {
                "availabilitySet": {
                    "id": "[parameters('availabilitySets_ASFAPPDDC_ASET_externalid')]"
                },
                "hardwareProfile": {
                    "vmSize": "Standard_F4s_v2"
                },
                "storageProfile": {
                    "imageReference": {
                        "publisher": "MicrosoftWindowsServer",
                        "offer": "WindowsServer",
                        "sku": "2016-Datacenter",
                        "version": "latest"
                    },
                    "osDisk": {
                        "osType": "Windows",
                        "name": "[concat(parameters('virtualMachines_SFAPPDDC002_name'), '_OsDisk_1_6df080e5dacf43cc9b715ac4d5eb6b6e')]",
                        "createOption": "FromImage",
                        "caching": "ReadWrite",
                        "managedDisk": {
                            "storageAccountType": "Premium_LRS",
                            "id": "[parameters('disks_SFAPPDDC002_OsDisk_1_6df080e5dacf43cc9b715ac4d5eb6b6e_externalid')]"
                        },
                        "diskSizeGB": 127
                    },
                    "dataDisks": []
                },
                "osProfile": {
                    "computerName": "[parameters('virtualMachines_SFAPPDDC002_name')]",
                    "adminUsername": "ibmadmin",
                    "windowsConfiguration": {
                        "provisionVMAgent": true,
                        "enableAutomaticUpdates": true,
                        "patchSettings": {
                            "patchMode": "AutomaticByOS",
                            "assessmentMode": "ImageDefault"
                        }
                    },
                    "secrets": []
                },
                "networkProfile": {
                    "networkInterfaces": [
                        {
                            "id": "[parameters('networkInterfaces_sfappddc002925_externalid')]"
                        }
                    ]
                },
                "diagnosticsProfile": {
                    "bootDiagnostics": {
                        "enabled": true,
                        "storageUri": "https://fluorseaprodrg02.blob.core.windows.net/"
                    }
                }
            }
        }
    ]
}