{
    "$schema": "https://schema.management.azure.com/schemas/2015-01-01/deploymentParameters.json#",
    "contentVersion": "1.0.0.0",
    "parameters": {
        "extensions_Microsoft_Insights_VMDiagnosticsSettings_xmlCfg": {
            "value": null
        },
        "extensions_Microsoft_Insights_VMDiagnosticsSettings_storageAccountName": {
            "value": null
        },
        "extensions_Microsoft_Insights_VMDiagnosticsSettings_storageAccountKey": {
            "value": null
        },
        "extensions_Microsoft_Insights_VMDiagnosticsSettings_storageAccountEndPoint": {
            "value": null
        },
        "virtualMachines_SFAPDWEB003_name": {
            "value": null
        },
        "disks_SFAPDWEB003_OsDisk_1_be247bf4315745a594bd87c496409bee_externalid": {
            "value": null
        },
        "disks_SFAPDWEB003_DataDisk1_externalid": {
            "value": null
        },
        "disks_SFAPDWEB003_DataDisk2_externalid": {
            "value": null
        },
        "disks_SFAPDWEB003_DataDisk3_externalid": {
            "value": null
        },
        "disks_SFAPDWEB003_DataDisk4_externalid": {
            "value": null
        },
        "disks_SFAPDWEB003_DataDisk5_externalid": {
            "value": null
        },
        "disks_SFAPDWEB003_DataDisk7_externalid": {
            "value": null
        },
        "disks_SFAPDWEB003_DataDisk8_externalid": {
            "value": null
        },
        "networkInterfaces_sfapdweb003191_externalid": {
            "value": null
        }
    }
}