{
    "$schema": "https://schema.management.azure.com/schemas/2019-04-01/deploymentTemplate.json#",
    "contentVersion": "1.0.0.0",
    "parameters": {
        "extensions_Microsoft_Insights_VMDiagnosticsSettings_xmlCfg": {
            "type": "SecureString"
        },
        "extensions_Microsoft_Insights_VMDiagnosticsSettings_storageAccountName": {
            "type": "SecureString"
        },
        "extensions_Microsoft_Insights_VMDiagnosticsSettings_storageAccountKey": {
            "type": "SecureString"
        },
        "extensions_Microsoft_Insights_VMDiagnosticsSettings_storageAccountEndPoint": {
            "type": "SecureString"
        },
        "virtualMachines_SFAPDWEB003_name": {
            "defaultValue": "SFAPDWEB003",
            "type": "String"
        },
        "disks_SFAPDWEB003_OsDisk_1_be247bf4315745a594bd87c496409bee_externalid": {
            "defaultValue": "/subscriptions/cfe66d2a-acc8-4c3f-bdfe-b02aee21e309/resourceGroups/FLUOR-SEA-PROD-RG02-S/providers/Microsoft.Compute/disks/SFAPDWEB003_OsDisk_1_be247bf4315745a594bd87c496409bee",
            "type": "String"
        },
        "disks_SFAPDWEB003_DataDisk1_externalid": {
            "defaultValue": "/subscriptions/cfe66d2a-acc8-4c3f-bdfe-b02aee21e309/resourceGroups/FLUOR-SEA-PROD-RG02-S/providers/Microsoft.Compute/disks/SFAPDWEB003_DataDisk1",
            "type": "String"
        },
        "disks_SFAPDWEB003_DataDisk2_externalid": {
            "defaultValue": "/subscriptions/cfe66d2a-acc8-4c3f-bdfe-b02aee21e309/resourceGroups/FLUOR-SEA-PROD-RG02-S/providers/Microsoft.Compute/disks/SFAPDWEB003_DataDisk2",
            "type": "String"
        },
        "disks_SFAPDWEB003_DataDisk3_externalid": {
            "defaultValue": "/subscriptions/cfe66d2a-acc8-4c3f-bdfe-b02aee21e309/resourceGroups/FLUOR-SEA-PROD-RG02-S/providers/Microsoft.Compute/disks/SFAPDWEB003_DataDisk3",
            "type": "String"
        },
        "disks_SFAPDWEB003_DataDisk4_externalid": {
            "defaultValue": "/subscriptions/cfe66d2a-acc8-4c3f-bdfe-b02aee21e309/resourceGroups/FLUOR-SEA-PROD-RG02-S/providers/Microsoft.Compute/disks/SFAPDWEB003_DataDisk4",
            "type": "String"
        },
        "disks_SFAPDWEB003_DataDisk5_externalid": {
            "defaultValue": "/subscriptions/cfe66d2a-acc8-4c3f-bdfe-b02aee21e309/resourceGroups/FLUOR-SEA-PROD-RG02-S/providers/Microsoft.Compute/disks/SFAPDWEB003_DataDisk5",
            "type": "String"
        },
        "disks_SFAPDWEB003_DataDisk7_externalid": {
            "defaultValue": "/subscriptions/cfe66d2a-acc8-4c3f-bdfe-b02aee21e309/resourceGroups/FLUOR-SEA-PROD-RG02-S/providers/Microsoft.Compute/disks/SFAPDWEB003_DataDisk7",
            "type": "String"
        },
        "disks_SFAPDWEB003_DataDisk8_externalid": {
            "defaultValue": "/subscriptions/cfe66d2a-acc8-4c3f-bdfe-b02aee21e309/resourceGroups/FLUOR-SEA-PROD-RG02-S/providers/Microsoft.Compute/disks/SFAPDWEB003_DataDisk8",
            "type": "String"
        },
        "networkInterfaces_sfapdweb003191_externalid": {
            "defaultValue": "/subscriptions/cfe66d2a-acc8-4c3f-bdfe-b02aee21e309/resourceGroups/FLUOR-SEA-PROD-RG02-S/providers/Microsoft.Network/networkInterfaces/sfapdweb003191",
            "type": "String"
        }
    },
    "variables": {},
    "resources": [
        {
            "type": "Microsoft.Compute/virtualMachines",
            "apiVersion": "2021-03-01",
            "name": "[parameters('virtualMachines_SFAPDWEB003_name')]",
            "location": "southeastasia",
            "tags": {
                "WSUS": "Test",
                "Application": "SPO Web Server",
                "os": "W2016d",
                "SAP Project Code": "S5FL"
            },
            "properties": {
                "hardwareProfile": {
                    "vmSize": "Standard_F8s_v2"
                },
                "storageProfile": {
                    "imageReference": {
                        "publisher": "MicrosoftWindowsServer",
                        "offer": "WindowsServer",
                        "sku": "2016-Datacenter",
                        "version": "latest"
                    },
                    "osDisk": {
                        "osType": "Windows",
                        "name": "[concat(parameters('virtualMachines_SFAPDWEB003_name'), '_OsDisk_1_be247bf4315745a594bd87c496409bee')]",
                        "createOption": "FromImage",
                        "caching": "ReadWrite",
                        "managedDisk": {
                            "id": "[parameters('disks_SFAPDWEB003_OsDisk_1_be247bf4315745a594bd87c496409bee_externalid')]"
                        }
                    },
                    "dataDisks": [
                        {
                            "lun": 0,
                            "name": "[concat(parameters('virtualMachines_SFAPDWEB003_name'), '_DataDisk1')]",
                            "createOption": "Attach",
                            "caching": "ReadWrite",
                            "managedDisk": {
                                "id": "[parameters('disks_SFAPDWEB003_DataDisk1_externalid')]"
                            },
                            "toBeDetached": false
                        },
                        {
                            "lun": 1,
                            "name": "[concat(parameters('virtualMachines_SFAPDWEB003_name'), '_DataDisk2')]",
                            "createOption": "Attach",
                            "caching": "ReadWrite",
                            "managedDisk": {
                                "id": "[parameters('disks_SFAPDWEB003_DataDisk2_externalid')]"
                            },
                            "toBeDetached": false
                        },
                        {
                            "lun": 2,
                            "name": "[concat(parameters('virtualMachines_SFAPDWEB003_name'), '_DataDisk3')]",
                            "createOption": "Attach",
                            "caching": "ReadWrite",
                            "managedDisk": {
                                "id": "[parameters('disks_SFAPDWEB003_DataDisk3_externalid')]"
                            },
                            "toBeDetached": false
                        },
                        {
                            "lun": 3,
                            "name": "[concat(parameters('virtualMachines_SFAPDWEB003_name'), '_DataDisk4')]",
                            "createOption": "Attach",
                            "caching": "ReadWrite",
                            "managedDisk": {
                                "id": "[parameters('disks_SFAPDWEB003_DataDisk4_externalid')]"
                            },
                            "toBeDetached": false
                        },
                        {
                            "lun": 4,
                            "name": "[concat(parameters('virtualMachines_SFAPDWEB003_name'), '_DataDisk5')]",
                            "createOption": "Attach",
                            "caching": "ReadWrite",
                            "managedDisk": {
                                "id": "[parameters('disks_SFAPDWEB003_DataDisk5_externalid')]"
                            },
                            "toBeDetached": false
                        },
                        {
                            "lun": 5,
                            "name": "[concat(parameters('virtualMachines_SFAPDWEB003_name'), '_DataDisk7')]",
                            "createOption": "Attach",
                            "caching": "ReadWrite",
                            "managedDisk": {
                                "id": "[parameters('disks_SFAPDWEB003_DataDisk7_externalid')]"
                            },
                            "toBeDetached": false
                        },
                        {
                            "lun": 6,
                            "name": "[concat(parameters('virtualMachines_SFAPDWEB003_name'), '_DataDisk8')]",
                            "createOption": "Attach",
                            "caching": "ReadWrite",
                            "managedDisk": {
                                "id": "[parameters('disks_SFAPDWEB003_DataDisk8_externalid')]"
                            },
                            "toBeDetached": false
                        }
                    ]
                },
                "osProfile": {
                    "computerName": "[parameters('virtualMachines_SFAPDWEB003_name')]",
                    "adminUsername": "fluoradmin",
                    "windowsConfiguration": {
                        "provisionVMAgent": true,
                        "enableAutomaticUpdates": true,
                        "patchSettings": {
                            "patchMode": "AutomaticByOS",
                            "assessmentMode": "ImageDefault"
                        }
                    },
                    "secrets": [],
                    "allowExtensionOperations": true,
                    "requireGuestProvisionSignal": true
                },
                "networkProfile": {
                    "networkInterfaces": [
                        {
                            "id": "[parameters('networkInterfaces_sfapdweb003191_externalid')]"
                        }
                    ]
                },
                "diagnosticsProfile": {
                    "bootDiagnostics": {
                        "enabled": true,
                        "storageUri": "https://fluorseaprodrg02.blob.core.windows.net/"
                    }
                }
            }
        },
        {
            "type": "Microsoft.Compute/virtualMachines/extensions",
            "apiVersion": "2021-03-01",
            "name": "[concat(parameters('virtualMachines_SFAPDWEB003_name'), '/Microsoft.Insights.VMDiagnosticsSettings')]",
            "location": "southeastasia",
            "dependsOn": [
                "[resourceId('Microsoft.Compute/virtualMachines', parameters('virtualMachines_SFAPDWEB003_name'))]"
            ],
            "tags": {
                "WSUS": "Test",
                "Application": "SPO Web Server",
                "os": "W2016d",
                "SAP Project Code": "S5FL"
            },
            "properties": {
                "autoUpgradeMinorVersion": true,
                "publisher": "Microsoft.Azure.Diagnostics",
                "type": "IaaSDiagnostics",
                "typeHandlerVersion": "1.5",
                "settings": {
                    "StorageAccount": "fluorseaprodrg02",
                    "xmlCfg": "[parameters('extensions_Microsoft_Insights_VMDiagnosticsSettings_xmlCfg')]"
                },
                "protectedSettings": {
                    "storageAccountName": "[parameters('extensions_Microsoft_Insights_VMDiagnosticsSettings_storageAccountName')]",
                    "storageAccountKey": "[parameters('extensions_Microsoft_Insights_VMDiagnosticsSettings_storageAccountKey')]",
                    "storageAccountEndPoint": "[parameters('extensions_Microsoft_Insights_VMDiagnosticsSettings_storageAccountEndPoint')]"
                }
            }
        }
    ]
}