{
    "$schema": "https://schema.management.azure.com/schemas/2019-04-01/deploymentTemplate.json#",
    "contentVersion": "1.0.0.0",
    "parameters": {
        "disks_sfappapp001_datadisk_000_20190411_023609_name": {
            "defaultValue": "sfappapp001-datadisk-000-20190411-023609",
            "type": "String"
        }
    },
    "variables": {},
    "resources": [
        {
            "type": "Microsoft.Compute/disks",
            "apiVersion": "2020-09-30",
            "name": "[parameters('disks_sfappapp001_datadisk_000_20190411_023609_name')]",
            "location": "southeastasia",
            "tags": {
                "RSVaultBackup": "d5634231-62a4-4727-973b-6a0b310c6cf9"
            },
            "sku": {
                "name": "Premium_LRS",
                "tier": "Premium"
            },
            "properties": {
                "creationData": {
                    "createOption": "Import",
                    "sourceUri": "[concat('https://fluorseaproddbabackup.blob.core.windows.net/sfappapp001-6a8c3f010e0e4cda8979eabfaaacffb8/', parameters('disks_sfappapp001_datadisk_000_20190411_023609_name'), '.vhd')]"
                },
                "diskSizeGB": 50,
                "diskIOPSReadWrite": 240,
                "diskMBpsReadWrite": 50,
                "encryption": {
                    "type": "EncryptionAtRestWithPlatformKey"
                },
                "diskState": "Reserved",
                "networkAccessPolicy": "AllowAll"
            }
        }
    ]
}