{
    "$schema": "https://schema.management.azure.com/schemas/2015-01-01/deploymentParameters.json#",
    "contentVersion": "1.0.0.0",
    "parameters": {
        "extensions_IaaSDiagnostics_xmlCfg": {
            "value": null
        },
        "extensions_IaaSDiagnostics_storageAccountName": {
            "value": null
        },
        "extensions_IaaSDiagnostics_storageAccountKey": {
            "value": null
        },
        "extensions_IaaSDiagnostics_storageAccountEndPoint": {
            "value": null
        },
        "virtualMachines_SFAPPLIC001_name": {
            "value": null
        },
        "availabilitySets_ASFAPPLIC_ASET_externalid": {
            "value": null
        },
        "disks_SFAPPLIC001_OsDisk_1_1f82e5961df548cd846161225b70edaa_externalid": {
            "value": null
        },
        "disks_SFAPPLIC001_DataDisk1_externalid": {
            "value": null
        },
        "networkInterfaces_sfapplic001925_externalid": {
            "value": null
        }
    }
}