{
    "$schema": "https://schema.management.azure.com/schemas/2015-01-01/deploymentParameters.json#",
    "contentVersion": "1.0.0.0",
    "parameters": {
        "extensions_IaaSDiagnostics_xmlCfg": {
            "value": null
        },
        "extensions_IaaSDiagnostics_storageAccountName": {
            "value": null
        },
        "extensions_IaaSDiagnostics_storageAccountKey": {
            "value": null
        },
        "extensions_IaaSDiagnostics_storageAccountEndPoint": {
            "value": null
        },
        "virtualMachines_SFAPPFIL001_name": {
            "value": null
        },
        "disks_SFAPPFIL001_OsDisk_1_1ebf6bc368254ce9b09ea2fa92494b2e_externalid": {
            "value": null
        },
        "disks_SFAPPFIL001_DATA_DISK1_externalid": {
            "value": null
        },
        "disks_SFAPPFIL001_DataDisk2_externalid": {
            "value": null
        },
        "networkInterfaces_sfappfil001453_externalid": {
            "value": null
        }
    }
}