{
    "$schema": "https://schema.management.azure.com/schemas/2015-01-01/deploymentParameters.json#",
    "contentVersion": "1.0.0.0",
    "parameters": {
        "extensions_IaaSDiagnostics_xmlCfg": {
            "value": null
        },
        "extensions_IaaSDiagnostics_storageAccountName": {
            "value": null
        },
        "extensions_IaaSDiagnostics_storageAccountKey": {
            "value": null
        },
        "extensions_IaaSDiagnostics_storageAccountEndPoint": {
            "value": null
        },
        "virtualMachines_SFAPPCTX002_name": {
            "value": null
        },
        "disks_SFAPPCTX002_OsDisk_1_fa2d5d6ccd9f44c0af7f8c7ac60a2d8a_externalid": {
            "value": null
        },
        "networkInterfaces_sfappctx00241_externalid": {
            "value": null
        }
    }
}