{
    "$schema": "https://schema.management.azure.com/schemas/2015-01-01/deploymentParameters.json#",
    "contentVersion": "1.0.0.0",
    "parameters": {
        "extensions_IaaSDiagnostics_xmlCfg": {
            "value": null
        },
        "extensions_IaaSDiagnostics_storageAccountName": {
            "value": null
        },
        "extensions_IaaSDiagnostics_storageAccountKey": {
            "value": null
        },
        "extensions_IaaSDiagnostics_storageAccountEndPoint": {
            "value": null
        },
        "virtualMachines_SFAPPDCX002_name": {
            "value": null
        },
        "availabilitySets_ASFAPPDCX_ASET_externalid": {
            "value": null
        },
        "disks_SFAPPDCX002_OsDisk_1_063ddc31320249e2b111cce024d5afdd_externalid": {
            "value": null
        },
        "disks_SFAPPDCX002_DataDisk1_externalid": {
            "value": null
        },
        "disks_SFAPPDCX002_DataDisk2_externalid": {
            "value": null
        },
        "networkInterfaces_sfappdcx002291_externalid": {
            "value": null
        }
    }
}