{
    "$schema": "https://schema.management.azure.com/schemas/2015-01-01/deploymentParameters.json#",
    "contentVersion": "1.0.0.0",
    "parameters": {
        "extensions_IaaSDiagnostics_xmlCfg": {
            "value": null
        },
        "extensions_IaaSDiagnostics_storageAccountName": {
            "value": null
        },
        "extensions_IaaSDiagnostics_storageAccountKey": {
            "value": null
        },
        "extensions_IaaSDiagnostics_storageAccountEndPoint": {
            "value": null
        },
        "virtualMachines_SFAPPAPP001_name": {
            "value": null
        },
        "disks_sfappapp001_osdisk_20190411_023609_externalid": {
            "value": null
        },
        "disks_sfappapp001_datadisk_000_20190411_023609_externalid": {
            "value": null
        },
        "disks_sfappapp001_datadisk_001_20190411_023609_externalid": {
            "value": null
        },
        "networkInterfaces_sfappapp001_nic1_externalid": {
            "value": null
        }
    }
}