{
    "$schema": "https://schema.management.azure.com/schemas/2015-01-01/deploymentParameters.json#",
    "contentVersion": "1.0.0.0",
    "parameters": {
        "extensions_IaaSDiagnostics_xmlCfg": {
            "value": null
        },
        "extensions_IaaSDiagnostics_storageAccountName": {
            "value": null
        },
        "extensions_IaaSDiagnostics_storageAccountKey": {
            "value": null
        },
        "extensions_IaaSDiagnostics_storageAccountEndPoint": {
            "value": null
        },
        "virtualMachines_SFAPPAFS001_name": {
            "value": null
        },
        "availabilitySets_ASFAPPAFS_ASET_externalid": {
            "value": null
        },
        "disks_SFAPPAFS001_OsDisk_1_54b02e5870434adc8286859325ee5828_externalid": {
            "value": null
        },
        "disks_sfappafs001_ddisk1_externalid": {
            "value": null
        },
        "networkInterfaces_sfappafs001291_externalid": {
            "value": null
        }
    }
}