{
    "$schema": "https://schema.management.azure.com/schemas/2015-01-01/deploymentParameters.json#",
    "contentVersion": "1.0.0.0",
    "parameters": {
        "extensions_Microsoft_Insights_VMDiagnosticsSettings_xmlCfg": {
            "value": null
        },
        "extensions_Microsoft_Insights_VMDiagnosticsSettings_storageAccountName": {
            "value": null
        },
        "extensions_Microsoft_Insights_VMDiagnosticsSettings_storageAccountKey": {
            "value": null
        },
        "extensions_Microsoft_Insights_VMDiagnosticsSettings_storageAccountEndPoint": {
            "value": null
        },
        "virtualMachines_SFAPPCTX004_name": {
            "value": null
        },
        "disks_SFAPPCTX004_OsDisk_1_e2894808e3534547aab4ca3787a31174_externalid": {
            "value": null
        },
        "disks_SFAPPCTX004_DataDisk1_externalid": {
            "value": null
        },
        "networkInterfaces_sfappctx00469_externalid": {
            "value": null
        }
    }
}