{
    "$schema": "https://schema.management.azure.com/schemas/2015-01-01/deploymentParameters.json#",
    "contentVersion": "1.0.0.0",
    "parameters": {
        "extensions_IaaSDiagnostics_xmlCfg": {
            "value": null
        },
        "extensions_IaaSDiagnostics_storageAccountName": {
            "value": null
        },
        "extensions_IaaSDiagnostics_storageAccountKey": {
            "value": null
        },
        "extensions_IaaSDiagnostics_storageAccountEndPoint": {
            "value": null
        },
        "virtualMachines_SFAPPDDC001_name": {
            "value": null
        },
        "availabilitySets_ASFAPPDDC_ASET_externalid": {
            "value": null
        },
        "disks_SFAPPDDC001_OsDisk_1_401e5510b0554d4b90ce20fdbe270047_externalid": {
            "value": null
        },
        "networkInterfaces_sfappddc001925_externalid": {
            "value": null
        }
    }
}